{"cameraMode":{"drawMode":0,"name":"Shaded","section":"Shading Mode"},"sceneLighting":true,"audioPlay":false,"sceneViewState":{"showFog":true,"showMaterialUpdate":false,"showSkybox":true,"showFlares":true,"showImageEffects":true,"showParticleSystems":true},"in2DMode":false,"pivot":{"x":0.8865244388580322,"y":-0.6091008186340332,"z":0.7284064292907715},"rotation":{"x":0.32200998067855837,"y":-0.015620197169482708,"z":0.005313645116984844,"w":0.9465923309326172},"size":3.0021347999572756,"orthographic":false}